Type,Name,Request Count,Failure Count,Median Response Time,Average Response Time,Min Response Time,Max Response Time,Average Content Size,Requests/s,Failures/s,50%,66%,75%,80%,90%,95%,98%,99%,99.9%,99.99%,100%
GET,/dcl/model/models,851,0,300.0,327.45998996247545,72.94438800090575,1029.600729001686,66590.0,24.116398222859917,0.0,300,380,460,480,530,570,640,760,1000,1000,1000
,Aggregated,851,0,300.0,327.45998996247545,72.94438800090575,1029.600729001686,66590.0,24.116398222859917,0.0,300,380,460,480,530,570,640,760,1000,1000,1000
