Type,Name,Request Count,Failure Count,Median Response Time,Average Response Time,Min Response Time,Max Response Time,Average Content Size,Requests/s,Failures/s,50%,66%,75%,80%,90%,95%,98%,99%,99.9%,99.99%,100%
GET,get-model,130,118,300.0,665.8793988922228,5.395846999817877,15928.600135001034,160.2076923076923,1.9680847663654906,1.7864154033163684,300,340,370,390,460,840,11000,13000,16000,16000,16000
POST,write-txn,81,81,450.0,1154.720184407487,144.9750080009835,18383.02907599973,286.0,1.2262682005815748,1.2262682005815748,450,520,620,630,990,2900,16000,18000,18000,18000,18000
,Aggregated,211,199,360.0,853.5386577867081,5.395846999817877,18383.02907599973,208.49763033175356,3.1943529669470654,3.012683603897943,360,420,460,490,660,1100,11000,16000,18000,18000,18000
